post_id,award_id,awardedAt,awardedBy,message
6dfd2715-f0a8-4219-a4b0-3cb67bd90751,ab637da0-46be-4613-ad9f-cecdb73e08d0,2025-08-11,ramirezdaniel_2438,
d05412f4-c61a-4d7a-89e6-cfb89379abb4,f8659d11-7ccb-4070-b9f2-6d19371736f9,2026-01-11,ihenry_7692,
78715415-241a-48a7-a0c3-4ba9bcd792f3,aa368327-19cf-4f77-a51e-484efd5b3d0d,2025-05-25,castillokevin_8793,Ground sense why difficult identify.
8de4cb5a-7d86-448d-b4da-795027848e1e,ab637da0-46be-4613-ad9f-cecdb73e08d0,2026-03-03,egibson_8111,Manage office performance space end long.
4149fa51-a2c4-4e89-a5b1-933377614f9b,b750c0fc-1d95-4786-8693-5e1f7613ebaf,2025-10-12,lfrench_5233,Prevent run fund wide.
f3be4339-63fc-489f-8368-671cca33325e,a4950c09-ca59-4dbc-aed2-399c0559e3a0,2025-09-29,davidalvarez_6696,
a784ea2b-85ee-4d2f-b876-e2fad5665705,fdafdaee-04a3-4c56-9cb5-fcdd8f6c1865,2025-11-24,gary57_2896,
3bee8b15-b542-489f-93de-e9156c2f2cf6,1bab2be2-d756-4185-9524-b906af07fcfd,2025-07-20,amoore_7887,
4ba7e516-f4a9-4192-9da9-79e450135ee4,aa368327-19cf-4f77-a51e-484efd5b3d0d,2026-01-31,fosternatasha_3088,Benefit able couple happy mention herself create all bag.
90dc61e5-ae29-4400-9235-2d67f0839005,cef90076-ce44-426d-8fb4-51dc52524bb8,2025-11-13,scott74_9020,
3777ec99-0bbe-4ea8-9d02-46f4e669fe31,ab637da0-46be-4613-ad9f-cecdb73e08d0,2026-04-08,gibsonemily_7784,Live none worry character total itself record body.
61bd914f-b900-4a17-8c5e-2b5919de58d1,a2ef815f-5c14-44e6-b892-ba4ab7e42e72,2026-03-31,unguyen_3059,Describe carry day page benefit their agency.
dce98271-5f68-4cee-b3ec-50c5d35ee3a9,c95c41c2-5834-459d-b089-a3e1d43974b3,2026-02-11,christopher70_1739,
ff0b864a-3ce0-4b5f-87b9-48ab74045d34,1bab2be2-d756-4185-9524-b906af07fcfd,2026-03-26,bradley03_735,Plan lot program because themselves.
8e1c0a92-85d4-4fef-8fca-c87c9b20b6a7,b77b0a25-e7a0-49ce-81b8-751dcc9a7026,2025-07-12,donna47_4126,Certainly one begin major physical site.
1e0df103-1958-4181-98a5-8228e5f798b9,83e38cc2-7174-420f-91ad-73358befc0c3,2025-11-03,aguilarjonathan_1504,Heart condition shoulder claim.
0fedb36a-1e00-4e7b-b699-ab6206c23c0a,8465c48f-54ea-42bf-a145-9ee425d0197a,2025-12-29,donna43_259,Answer condition performance true.
82fecf67-7e1f-447f-b408-93e4adacdbad,8f3e8301-6825-44dd-8962-c323475d2e9a,2025-08-02,brewerrebecca_5930,
d4567a23-72ec-499b-98b6-bd95b03ac9f3,f8659d11-7ccb-4070-b9f2-6d19371736f9,2025-12-04,collinssamuel_6243,Identify expect even position.
45fff1c5-d7ff-44a8-bba6-37afdcd6eab6,ed3f31e6-860a-4e16-b3f0-ea9438d3c62d,2026-04-08,kimberly35_6888,
29c23476-57db-499a-9620-d679fc50b997,43486e15-bc79-4ef8-98c8-fb67a65ff21c,2025-12-09,thorntonapril_2023,Tend Mr eight outside car.
a45f2d63-fb2a-4365-ac45-23823507062c,1bab2be2-d756-4185-9524-b906af07fcfd,2025-05-09,jason28_4988,
61e2fb42-5369-443c-92bb-356ab1971b7b,2ca3466c-aba7-4321-a248-6da9bcd7683b,2025-06-28,willie87_2705,Wish employee much feeling measure return both century actually.
44e21cf2-22b3-4c85-abcf-a5e495bdf111,ab894829-a75c-44c3-8a9e-821994fad366,2025-08-05,mdavenport_3976,Would let.
e1f2d12d-6eda-4a9a-b514-3d77f8bdb5ed,cb8ce817-109f-4a4a-8779-6878a4fe64f5,2025-12-06,stephanie49_297,Will mission some be wonder likely majority method say six.
c4674a3d-7274-4eae-a3b6-f6ef62153e7f,1ad5ce82-3a81-46c4-ad37-d0e675d3911a,2025-10-30,nicholasjames_7333,Maintain message decide expect past.
6be13571-541b-472e-967b-a4781dfdf394,b619e209-4e33-45b4-a9b1-490280dbd6fa,2025-08-08,daniel40_5206,Him family choice happen you rock.
51a6ae2b-2e9a-432a-9462-b6a792f8f960,43486e15-bc79-4ef8-98c8-fb67a65ff21c,2025-11-19,toddlloyd_7336,Finish accept future only concern cut.
2f28e91a-a254-4b88-90d6-8807fe5842da,2ca3466c-aba7-4321-a248-6da9bcd7683b,2026-01-18,rogersruben_989,
8de4cb5a-7d86-448d-b4da-795027848e1e,118d9169-b261-455a-b60d-5b3cf8129626,2025-05-31,farmercheryl_6010,
a0b3d7bb-210f-4956-92f7-780fc87e786a,fdafdaee-04a3-4c56-9cb5-fcdd8f6c1865,2025-04-17,carolcarney_9883,Blue tough once term region sport.
7f5902d4-3d27-4d8b-85c9-e94b3df57252,b750c0fc-1d95-4786-8693-5e1f7613ebaf,2025-06-17,webbhaley_8561,My when bill sport.
7de6001c-4f90-4865-b882-0dce4998a271,49412e9c-6f34-4a3a-a199-872966e00252,2025-12-02,bookerandrew_6568,Cell modern alone eight beat thus.
8a94d4ae-ee5c-4e0a-8b4d-72f19a3df36d,43486e15-bc79-4ef8-98c8-fb67a65ff21c,2025-06-08,jacquelineanderson_8884,Matter and hospital beautiful beautiful.
23625891-31cd-4a83-8fb0-6f8e8cb0ec8a,b750c0fc-1d95-4786-8693-5e1f7613ebaf,2026-01-17,kevinsmith_5859,Soldier region short.
d3872cc7-52f8-40a9-b07b-e75cc084d4ac,ab637da0-46be-4613-ad9f-cecdb73e08d0,2025-10-07,selenabrooks_6665,Consider test tree wait address.
2b9213d3-0477-4620-94bb-b9b780e76383,a89de516-420c-450a-a12f-aae0620745e2,2026-04-02,timothyburton_1563,
84f3d728-8fb9-4fec-93d8-d7b16a35b78f,b0929e7f-94dc-402f-9fe6-33582c40f5ba,2025-11-01,kimberlyrodriguez_2913,Attack scene partner tonight behind body both.
de13d8ee-d8e3-465e-ae97-12ebaa6b71a3,2f955b0a-a37e-42ee-86a2-36743238b347,2026-03-16,brownmichael_9485,
e888478d-4bfe-4df4-bb49-b891545ec4e4,c41b8437-d78b-4848-b4c6-d381f2c0a23e,2025-05-01,luisjohns_1524,White social paper response.
b3aa6b6d-5258-49a3-82e8-5f68105dc207,2c481576-9f5a-47d9-acbe-bcb69fdc0dd2,2025-08-28,rosskaitlyn_1175,
6997bff9-00e5-44a7-ac72-14f4bce741b0,fce1cd69-ae8a-4143-b6f6-ee0938683802,2025-12-15,raymond43_1394,
05f3c15b-87f9-47ae-9215-4c05e690cdc9,a4950c09-ca59-4dbc-aed2-399c0559e3a0,2025-10-19,ricetiffany_7740,
8e5c5183-d731-406c-a045-8fe345eb55d6,3932827f-f4b1-4007-a4cf-00565ed1d38e,2025-11-30,meganwilliams_7009,Man evidence happen.
fbc6e0bf-6242-4d4d-bdb5-a4d0760f9fbc,c95c41c2-5834-459d-b089-a3e1d43974b3,2026-02-28,nicole27_5924,His remember nature with section.
dcb22f38-3fbc-48f7-ae92-1e55b1d52c82,f8659d11-7ccb-4070-b9f2-6d19371736f9,2026-02-10,sanchezangela_9103,Understand concern around green.
1ecc4314-f0cd-47b2-b37c-402670507aa1,b750c0fc-1d95-4786-8693-5e1f7613ebaf,2025-06-20,qharris_4499,Environmental vote something traditional address.
cbac8137-77d8-468a-ac4c-68bcde4b7167,73e355e2-3ce3-42f7-a1c5-54817d64e115,2026-01-22,shawn75_9096,Behind soldier still machine result down get.
cf743275-bf79-4855-927e-977d8960e11d,2c481576-9f5a-47d9-acbe-bcb69fdc0dd2,2025-09-17,ruthwelch_4865,Music law personal get car thousand same result give dark.
0935468b-23cb-4d81-b14c-20edffddb0ca,b619e209-4e33-45b4-a9b1-490280dbd6fa,2025-12-20,jamesshawn_4522,They finally central research certainly end before artist event capital.
96c57a46-e2fb-4c65-839d-e8fdbd73fbe7,49412e9c-6f34-4a3a-a199-872966e00252,2025-09-28,blopez_8663,
22213af1-a568-42ac-a123-4f02aacaf944,4f07a12f-ba84-4403-9c59-108e83d1fac4,2025-05-13,caroline51_2375,
5a1142dc-71c5-44ad-9272-ba268729496e,cee1452b-1d2e-4d1d-a6d9-6a54582c9591,2025-11-19,raymond92_4773,Because section get develop.
90dc61e5-ae29-4400-9235-2d67f0839005,43486e15-bc79-4ef8-98c8-fb67a65ff21c,2025-09-03,boydmichael_9248,Mission among similar girl personal.
81637be9-56ec-4781-891e-0347a7a08dfe,ed3f31e6-860a-4e16-b3f0-ea9438d3c62d,2025-12-13,patrick11_8292,
d578259e-385a-474c-8fbe-82d36f038693,118d9169-b261-455a-b60d-5b3cf8129626,2025-12-22,crystalpham_9902,Explain daughter common teacher soon could.
76058e67-cf43-4121-89f2-62a9387e9ed8,2ca3466c-aba7-4321-a248-6da9bcd7683b,2026-04-01,franciscojones_8590,
8ef54458-dba4-4bd6-8189-c843cfa84864,3932827f-f4b1-4007-a4cf-00565ed1d38e,2025-10-19,harrisjoseph_9425,
a3d862a0-c457-4f20-88cf-79770fdbedb8,63b35eb5-23ad-4d28-8a9e-d2adb3d602e9,2025-04-23,johnsoncolleen_8386,Class course near each significant.
aff59efb-5eb3-4387-851d-24b1046bb6d8,fdafdaee-04a3-4c56-9cb5-fcdd8f6c1865,2025-08-06,abrown_7927,
cd730e7f-a475-49c8-a3d9-0219865f1267,ab637da0-46be-4613-ad9f-cecdb73e08d0,2025-09-13,sherrywood_6421,Shake night apply north establish.
aa1680d0-3f85-416e-b5d4-ec385635b9a1,2c5d8f99-4bf0-44f8-b50d-d833e6642c0b,2026-01-09,ofinley_9533,There catch total deep involve.
47f26d24-3ce3-4e60-9fbf-b94896d2732f,4f07a12f-ba84-4403-9c59-108e83d1fac4,2025-10-27,xhammond_1441,Scene paper same class even item.
87ed5a31-fec5-4f83-b9c1-c1b315928e95,021cae00-d302-475c-84d8-43a611468fb6,2025-06-09,boydmichael_9248,
8b7c56cd-0d83-4f06-9af9-96dab1a0a775,43486e15-bc79-4ef8-98c8-fb67a65ff21c,2025-11-27,christina87_9716,Speech outside believe.
c986abf8-8cc9-403d-94c3-812983902c1d,63b35eb5-23ad-4d28-8a9e-d2adb3d602e9,2025-04-19,meyershannon_2743,Bad thought happen factor bed describe method hard attack possible.
10436447-fb58-429c-ad9a-6620a12716fb,07661c9f-dcdc-4cce-9eb4-e2e9f5958965,2025-04-22,daniel71_1918,
2c9ce554-fd38-41bb-813a-6140f488ad88,38509747-e6ef-41b8-93f4-fbb4738e5da7,2025-11-26,kjimenez_6246,American sea necessary onto.
58aee85a-8bd6-4519-977c-2106c0edce4d,612d25dd-e20d-49ff-a040-8475e12dbc89,2026-01-20,wdavis_9224,
8e3b26cc-14eb-487e-93c2-f4c75069210e,b750c0fc-1d95-4786-8693-5e1f7613ebaf,2025-05-21,gonzalezantonio_6232,
21cb6a46-73b8-48af-9822-45863dcdbc1d,c95c41c2-5834-459d-b089-a3e1d43974b3,2025-12-12,rebeccaarnold_9671,Talk effect eight detail series.
52d03f30-1807-41e4-9559-bf12e01a3d13,43486e15-bc79-4ef8-98c8-fb67a65ff21c,2025-09-05,gdavis_870,Economy production attack front.
2b204ec0-df75-45bb-9d89-d836ecbaea79,43486e15-bc79-4ef8-98c8-fb67a65ff21c,2025-09-04,allencarlos_1665,Cover guess final.
61070baa-b26a-4bef-b790-b7f8779aef43,ab894829-a75c-44c3-8a9e-821994fad366,2025-09-01,sarahyang_2570,
3e07e09f-f2ff-4bf8-9153-e7dc6f028ae5,83e38cc2-7174-420f-91ad-73358befc0c3,2025-12-26,zterry_3368,None kid sport least itself.
035e12d2-893a-4ad8-ad35-1e73e917472a,ab637da0-46be-4613-ad9f-cecdb73e08d0,2025-07-31,flamb_8469,Building state nor style sit write.
c2b0c1e4-b18c-4ee2-b81b-0e349e80f0c8,b0929e7f-94dc-402f-9fe6-33582c40f5ba,2025-12-15,umckenzie_670,
e9a2e664-1c57-4593-b782-325eaaf4f317,118d9169-b261-455a-b60d-5b3cf8129626,2025-12-09,carl96_8880,
d03ac225-8c90-4c4b-a14b-3317a64e75ea,021cae00-d302-475c-84d8-43a611468fb6,2025-08-23,cindy61_7247,Above security author long where figure both where test subject.
a504def0-10d3-41a4-a6c0-2591cd3adc5d,75cc1635-eeb6-4967-aa15-ab074e08889e,2025-04-19,harry08_3363,
3d3b3ec9-d158-4072-82cb-60d4b1055b72,8f3e8301-6825-44dd-8962-c323475d2e9a,2025-10-02,harrismichele_7083,Meeting those.
e488d5dc-b435-4f29-b55f-382ad0fe6d6d,73e355e2-3ce3-42f7-a1c5-54817d64e115,2025-08-04,vargassteven_5577,During assume energy.
5658ac2b-e255-49ef-85d0-560a403226a6,cc8c9a13-3ec9-437a-95eb-5313862d2be4,2025-10-09,cindy61_7247,Movie red including western ground.
8bdddadd-7540-4c0f-afb3-e04104d50651,b0929e7f-94dc-402f-9fe6-33582c40f5ba,2025-09-30,keithsalas_9576,
03b72c0b-10fb-4c37-b14e-badf736f986c,692b5340-3d53-4174-9cd2-2f2700083e53,2026-01-07,fbrown_3476,Network word collection point than season laugh data.
279573c9-8b66-4feb-bb69-781e502f2600,a89de516-420c-450a-a12f-aae0620745e2,2025-05-01,gbender_1601,Chance firm it money later tell.
8a94d4ae-ee5c-4e0a-8b4d-72f19a3df36d,2ca3466c-aba7-4321-a248-6da9bcd7683b,2025-07-29,leonardhayes_8624,
bb8d902d-0f5f-428a-bbea-b71d6e7eb2bc,118d9169-b261-455a-b60d-5b3cf8129626,2025-08-08,davisjeffrey_2825,
3e8ec9b5-fa2b-409a-ba5d-02db1b2605f4,021cae00-d302-475c-84d8-43a611468fb6,2025-05-03,jenkinsaimee_1066,
0d922e9e-2caf-462f-a880-81cd8be5adef,fa95c3f3-2575-408c-a890-53c02e608977,2026-01-13,markbrown_7838,Simply ground while ask attorney water must.
06b0214d-85f8-4300-bd2b-f3d89e69fd11,692b5340-3d53-4174-9cd2-2f2700083e53,2025-06-03,dylanwatts_570,
5818562e-3872-4b4a-8b97-b9e9a604f45d,1bab2be2-d756-4185-9524-b906af07fcfd,2025-04-28,dennis57_3554,Discussion real value training.
9afe0d24-3116-4226-84d1-bd867a080407,cee1452b-1d2e-4d1d-a6d9-6a54582c9591,2025-11-24,karenwells_2241,Box clear machine beautiful.
a28c1024-227c-4d8b-a4ab-cba41047deac,fce1cd69-ae8a-4143-b6f6-ee0938683802,2025-10-27,sanchezangela_9103,
90481609-7199-4e4b-964a-d2b9746885bd,2c481576-9f5a-47d9-acbe-bcb69fdc0dd2,2025-07-16,katie15_897,Teach candidate recent kind charge car center yard.
e95ff594-991a-4640-933f-6596f73c682f,692b5340-3d53-4174-9cd2-2f2700083e53,2025-09-25,nashmarcus_3443,Performance arm.
c0113b8e-4100-4690-a4d1-ac10720da230,b0929e7f-94dc-402f-9fe6-33582c40f5ba,2025-06-30,melissarusso_5869,Company certain room air sister.
05ff260b-5624-4af1-bc0b-3bdec321c8ef,73e355e2-3ce3-42f7-a1c5-54817d64e115,2026-02-14,brettbennett_4685,Various soon light charge.
6e990bae-fd43-4a01-b808-77233eafdce7,a2ef815f-5c14-44e6-b892-ba4ab7e42e72,2025-05-01,qnelson_1393,Expect national year especially election.
2dac04ed-4e05-48fc-a9ca-0132b1d923c6,8f3e8301-6825-44dd-8962-c323475d2e9a,2025-09-28,colematthew_1549,Big production language example name.
b6064d47-5c4a-46db-a49d-12ffdf6d6b44,ed3f31e6-860a-4e16-b3f0-ea9438d3c62d,2025-08-24,robert21_5459,Group effort trial activity.
4ad85df1-6506-4bbf-a3cb-7c375b784482,2e37111b-41db-47de-b951-189f59374d30,2025-10-06,ystewart_970,
03861b97-0ae6-4d60-9bca-54cba7c104aa,38509747-e6ef-41b8-93f4-fbb4738e5da7,2025-07-15,nataliearroyo_9455,Term she stage power.
3191830d-ac33-4801-a42c-bffd699be3c3,4f07a12f-ba84-4403-9c59-108e83d1fac4,2026-02-10,john55_8274,Past apply number now reflect.
d347e0a7-66b3-4baa-83a2-08f635ccab47,021cae00-d302-475c-84d8-43a611468fb6,2025-06-12,butlersabrina_5637,Culture will room three glass trade.
06667620-553d-45df-b98e-8db9addd91f8,43486e15-bc79-4ef8-98c8-fb67a65ff21c,2025-10-26,michellecobb_5615,
784aac77-444d-4d97-bd8b-2e57d46baa10,f8659d11-7ccb-4070-b9f2-6d19371736f9,2026-03-12,david94_8988,
1a6ac779-362c-4353-a31f-c5f0341d8c93,75cc1635-eeb6-4967-aa15-ab074e08889e,2026-03-11,lynchjody_6611,
23b91238-8c35-4c68-a373-e261cd20cd68,a4950c09-ca59-4dbc-aed2-399c0559e3a0,2025-06-18,shermandonna_9923,
2712fe3f-b932-4823-9441-3973a3150eb8,2c481576-9f5a-47d9-acbe-bcb69fdc0dd2,2025-05-19,james67_9466,During site base indeed.
90bfefd6-410d-40d2-acee-e9f59656ddeb,bf6d3286-a2e9-4791-936d-5c650c0ec871,2026-01-25,susanwells_4175,
67dbef82-1862-4395-b1d0-335e7ecf7de7,38509747-e6ef-41b8-93f4-fbb4738e5da7,2026-02-16,john55_8274,
a0f0aa31-724e-4894-8ad3-349a7b1faa8c,b0929e7f-94dc-402f-9fe6-33582c40f5ba,2025-04-24,georgetracy_1204,Commercial police go hit only.
d8504e94-0d29-4577-9e22-b2fc82351bd6,8465c48f-54ea-42bf-a145-9ee425d0197a,2025-10-02,kristin39_1380,
8e203d66-4f0b-4e90-9875-5ce4bc25fee6,2ca3466c-aba7-4321-a248-6da9bcd7683b,2025-08-03,murphybrandi_3459,Kid prepare water development soldier never.
230c6770-e833-4e53-b559-427e37a584e7,cee1452b-1d2e-4d1d-a6d9-6a54582c9591,2025-04-28,imiller_7880,Play article approach start cold energy people across support.
b2357de8-c0e3-41a3-b1ab-8bb58175506a,7423a091-0fe5-49ba-966a-93a4205ca13f,2026-02-26,morgansharon_7238,
921d7003-23f6-4403-af22-76907e3a3ce0,cef90076-ce44-426d-8fb4-51dc52524bb8,2025-07-04,beckywilkinson_3223,Message clearly teach whatever yard they this.
47a448af-4de1-4b19-a8d9-f572e1c3dbc7,2c481576-9f5a-47d9-acbe-bcb69fdc0dd2,2025-07-03,jeffrey28_4415,Practice bag well something leg toward lay analysis.
b959b752-0a26-4dda-9f70-c989e4db39eb,bf6d3286-a2e9-4791-936d-5c650c0ec871,2025-11-09,kchurch_6089,
42f9dee0-c7c9-4c5c-bec7-932de57f581e,aa368327-19cf-4f77-a51e-484efd5b3d0d,2025-04-18,briangutierrez_7579,Fund kid pretty indicate shoulder Democrat sport teacher.
801474c2-238a-44d3-ba14-e91dd95b6b67,7ebf573f-b0fd-4f3b-95ab-a918d48409d8,2025-09-19,james30_3182,
2f829d60-1122-4558-ad72-cdf1ee1d038d,b619e209-4e33-45b4-a9b1-490280dbd6fa,2025-12-12,palmerteresa_7201,General nor or agree him.
ec483dd5-3a3d-4b6a-a1b1-30cba1d79f25,cef90076-ce44-426d-8fb4-51dc52524bb8,2025-07-02,christopher13_737,Century.
32ab70e4-5e41-4f13-9500-63348ac18092,10813d4f-631c-4bc8-84bf-1c348813c232,2025-04-25,cordovaamy_8451,These should.
6fc53301-9e93-45a4-a607-2b2a7f830b0a,7423a091-0fe5-49ba-966a-93a4205ca13f,2025-06-08,jamesweber_5560,Between fly form test its whether concern we impact car.
22213af1-a568-42ac-a123-4f02aacaf944,2ca3466c-aba7-4321-a248-6da9bcd7683b,2025-10-09,whitemichael_4152,Soldier well month individual same.
c1612a58-e176-4b5c-ad07-439548e4bd5b,3932827f-f4b1-4007-a4cf-00565ed1d38e,2025-11-26,ksmith_1865,Cover direction be board.
88cacb63-dd2f-47c0-98f4-aef9cf1216c2,a2ef815f-5c14-44e6-b892-ba4ab7e42e72,2025-09-01,jessicastanley_2838,Red relate serve where throw.
e01552fc-3d36-47f5-a6d3-73a4f6f64b0b,73e355e2-3ce3-42f7-a1c5-54817d64e115,2025-06-17,randallgreene_4482,
9a56057f-374c-43a1-ab61-3d2453038b9d,b0929e7f-94dc-402f-9fe6-33582c40f5ba,2025-08-12,bhopkins_9969,
0c53261d-fad4-4691-9991-a957725f71ed,ab894829-a75c-44c3-8a9e-821994fad366,2025-10-26,anthonycochran_6611,Yes someone author deal mind very.
8e1c0a92-85d4-4fef-8fca-c87c9b20b6a7,83e38cc2-7174-420f-91ad-73358befc0c3,2025-07-21,burgesskaren_5983,
22134d36-f786-4502-9fd7-739ab0f46ef1,c95c41c2-5834-459d-b089-a3e1d43974b3,2025-10-24,george43_6551,
22c784f1-3114-4154-8ff0-9251f179ea20,2f955b0a-a37e-42ee-86a2-36743238b347,2025-10-07,joymorales_5261,Moment stock material.
b3bd3ed2-e5ad-40ae-90c5-6686e6b0402f,83e38cc2-7174-420f-91ad-73358befc0c3,2025-11-21,bentonsteven_549,Available air ok and.
5a12338b-866e-4787-9bf8-668b6a6745a8,cc8c9a13-3ec9-437a-95eb-5313862d2be4,2025-07-11,dconrad_1535,
90bfefd6-410d-40d2-acee-e9f59656ddeb,7ebf573f-b0fd-4f3b-95ab-a918d48409d8,2025-06-24,twilliams_5564,
b8de21e2-1d40-4c60-ba0f-b4cf23105a3e,2e37111b-41db-47de-b951-189f59374d30,2025-12-17,david96_5385,
0a669334-bb44-4cbf-94b6-374103bdd6ea,2e37111b-41db-47de-b951-189f59374d30,2025-08-27,derek35_3193,Action understand physical year.
0fbbac48-5afa-408b-b9d2-536072831583,4f07a12f-ba84-4403-9c59-108e83d1fac4,2025-12-20,lwilliams_3414,Defense history have various character focus.
3d6820b6-666e-4b8c-ad9b-c7d5792e5ebd,8f3e8301-6825-44dd-8962-c323475d2e9a,2025-04-18,kduffy_8067,Top yes attorney myself character.
15937bbd-4e50-4270-bb9e-bfbe2385ecc7,cc8c9a13-3ec9-437a-95eb-5313862d2be4,2025-10-15,harrisjoseph_9425,Begin total dog watch it some we American my usually discover.
a0452b0a-2fd7-43b5-b751-2b2122c1ca59,8f3e8301-6825-44dd-8962-c323475d2e9a,2025-10-01,johnrobles_3023,
228ef6f8-b742-4d3c-a594-a9278126d452,612d25dd-e20d-49ff-a040-8475e12dbc89,2026-03-22,wwebster_9480,Particular smile sing various.
a5749f41-0a9c-4630-9136-f5be20b232e0,a2ef815f-5c14-44e6-b892-ba4ab7e42e72,2025-08-16,mcknightdavid_3389,Sign daughter region thought the result image line politics.
fefef2af-b6b4-472f-bba3-dfc98a259c34,2f955b0a-a37e-42ee-86a2-36743238b347,2025-10-24,lopezdonald_4942,
2e7d40f9-ca5f-4c68-93f4-2cab5e247ad2,612d25dd-e20d-49ff-a040-8475e12dbc89,2025-09-12,swhite_1723,
3dfa7833-9e88-4f7f-a366-997c06fdcf41,b49d313a-1b66-4c1f-a3c1-cef16bf49804,2025-07-31,arivera_1115,Fund those record pressure half.
073b2c38-c63a-4ba3-a2b8-284928ada7fc,c41b8437-d78b-4848-b4c6-d381f2c0a23e,2026-01-27,gateskathy_2585,Discover Mr life than where couple senior.
5ebd77f1-9930-4279-ae2f-b9775c49b6ec,ab894829-a75c-44c3-8a9e-821994fad366,2025-07-15,angela14_8831,
af82f39d-c972-475a-a27f-f1a510734b40,a89de516-420c-450a-a12f-aae0620745e2,2025-06-04,robert55_9077,
7e65d3c0-4bd6-43f4-9fe2-127becb74b04,2ca3466c-aba7-4321-a248-6da9bcd7683b,2025-10-19,isims_5805,Democratic woman party unit board occur instead sister teacher.
c986abf8-8cc9-403d-94c3-812983902c1d,49412e9c-6f34-4a3a-a199-872966e00252,2026-01-10,steven73_6598,
86938039-9e74-40dd-b9ff-3e3623494770,63b35eb5-23ad-4d28-8a9e-d2adb3d602e9,2025-09-17,nmeadows_819,
937bcfff-1025-4daf-a445-71a556aee1e1,fa95c3f3-2575-408c-a890-53c02e608977,2025-11-28,amoreno_7642,There benefit tough majority.
aa4abef4-af79-4dc2-8b8e-923f1b573407,b750c0fc-1d95-4786-8693-5e1f7613ebaf,2025-09-21,allencarlos_1665,
3779cc3d-7a6e-4eef-983a-6a13143d2fc1,2e37111b-41db-47de-b951-189f59374d30,2025-07-26,jonathanburke_7058,
1524dede-e748-4031-a302-aa2e9ed68d7f,c95c41c2-5834-459d-b089-a3e1d43974b3,2025-10-17,maria67_9119,Music see almost.
4173047e-4460-4dc5-8dd6-b74d3aa3b9c1,ab637da0-46be-4613-ad9f-cecdb73e08d0,2025-11-29,ohughes_8462,
8eff1ecf-3606-45d4-a9d8-dab31ceab3dd,aa368327-19cf-4f77-a51e-484efd5b3d0d,2026-03-15,csmith_8129,
c1334158-51a4-4c41-baa5-9f970b5ed450,4f07a12f-ba84-4403-9c59-108e83d1fac4,2025-10-05,prestonjulia_2185,
d70a134b-2d51-4c20-8a15-2c657ec9aed1,8f3e8301-6825-44dd-8962-c323475d2e9a,2025-06-14,steven20_4111,Current example mention ball.
1ad0029b-9cd1-4481-b0c9-bb700f622f4a,ab894829-a75c-44c3-8a9e-821994fad366,2025-09-09,andreamoore_1875,
c43515af-7ada-4795-8bf3-97ae04bbf2e3,cc8c9a13-3ec9-437a-95eb-5313862d2be4,2025-06-16,oduran_6778,Positive pull ok affect avoid score today different modern add.
14f86760-06e4-4baa-9a55-f1e1688e7352,021cae00-d302-475c-84d8-43a611468fb6,2025-05-15,ymccullough_3896,
f96b2e03-c16a-419d-a9dd-f6308a470b26,fdafdaee-04a3-4c56-9cb5-fcdd8f6c1865,2026-02-12,jpowers_7985,
1f63bb66-e3a0-4c2e-bd12-1ace6301fe72,ab637da0-46be-4613-ad9f-cecdb73e08d0,2025-11-12,ramirezderrick_7071,
a5f0ba55-2287-4bc0-9a90-2d768a4818c5,2c481576-9f5a-47d9-acbe-bcb69fdc0dd2,2025-05-30,ysnyder_7033,
a08d8f18-5873-4044-ad0d-dd3bb9ed1de1,ab894829-a75c-44c3-8a9e-821994fad366,2026-03-21,olopez_4240,
9ea2507d-41df-412d-af6b-520bf5686742,692b5340-3d53-4174-9cd2-2f2700083e53,2025-07-16,gregoryjohnson_5019,
f03be2ee-ba9f-4a1a-a893-2105eb0fa3f1,4f07a12f-ba84-4403-9c59-108e83d1fac4,2025-10-15,carl95_2604,Us idea decade arrive occur direction occur oil only physical child.
02813578-b549-4ad6-9c0b-151403e0c1ba,612d25dd-e20d-49ff-a040-8475e12dbc89,2025-11-30,brettbennett_4685,Another cut son city authority charge decade.
e29a2fdb-dcf2-42e2-88d5-10a0cbc3137c,b750c0fc-1d95-4786-8693-5e1f7613ebaf,2025-07-18,george91_1234,Improve season surface.
58cad016-67f0-47b9-ad34-8df6f0c9a75d,f8659d11-7ccb-4070-b9f2-6d19371736f9,2026-02-18,jenniferbrock_6531,
7bbc2a10-768b-460e-a30a-c5616474563f,fce1cd69-ae8a-4143-b6f6-ee0938683802,2025-09-04,nelsonebony_8012,Without seek before.
c89c9ab2-ff05-4ce3-aed6-aabc3587c8d9,7423a091-0fe5-49ba-966a-93a4205ca13f,2025-06-26,paige31_9173,
4ad98e45-bc72-465b-89a8-5600a5726099,b77b0a25-e7a0-49ce-81b8-751dcc9a7026,2025-04-08,lopezdonald_4942,Detail buy door.
73e86990-c5b4-4479-8a92-7fb56a335bb0,ab894829-a75c-44c3-8a9e-821994fad366,2025-11-15,mejialawrence_7050,Part fill.
eb5b9f09-441b-4e49-a9ef-76ef5d870dba,b619e209-4e33-45b4-a9b1-490280dbd6fa,2026-02-11,fortiz_6813,Safe red attack term could anyone.
064627e8-e8e2-4e4e-a965-936143245d16,3932827f-f4b1-4007-a4cf-00565ed1d38e,2025-05-14,douglaskelly_3696,Change myself offer reduce.
b071abab-09ec-48a7-ac0a-879fae8aa287,10813d4f-631c-4bc8-84bf-1c348813c232,2025-11-08,pfitzgerald_2821,
55934fdd-ac4a-4ed5-9089-110d0f0fae24,fa95c3f3-2575-408c-a890-53c02e608977,2025-12-20,laura09_3296,
96607f01-e54f-407e-99d9-b9e4e8ce7cbd,021cae00-d302-475c-84d8-43a611468fb6,2026-03-11,xjoseph_7239,Station different have.
d6dddac0-18a0-4ab6-8290-1a610e5b65d0,b619e209-4e33-45b4-a9b1-490280dbd6fa,2026-01-25,ssalinas_3788,Fund report expect near important project some short.
84997fa1-48e1-48f9-aef3-a7090b3fd6b5,7ebf573f-b0fd-4f3b-95ab-a918d48409d8,2025-08-25,stacymcintosh_2000,
f6833d41-689f-4719-8798-475537766efd,b0929e7f-94dc-402f-9fe6-33582c40f5ba,2025-09-09,guerrerorobert_1585,Instead option according top.
073b2c38-c63a-4ba3-a2b8-284928ada7fc,8465c48f-54ea-42bf-a145-9ee425d0197a,2025-12-10,ellenjohnson_3360,Evidence early PM long early life look industry.
bf611b5e-3d0c-4935-9b31-2356aff79a6d,fce1cd69-ae8a-4143-b6f6-ee0938683802,2025-11-20,barbara10_3532,Choice data child.
a14e40c8-9f5d-4f9a-b8bb-7a3f2f0aa2a5,ab637da0-46be-4613-ad9f-cecdb73e08d0,2026-02-10,samantha87_4865,Our here everyone drive art interest.
64e3787a-3bee-4574-9aeb-671a00e01ff5,c41b8437-d78b-4848-b4c6-d381f2c0a23e,2026-01-28,jacob43_170,Child which lawyer across.
45135c49-12a5-47b9-9d8d-37dce2581e6b,b49d313a-1b66-4c1f-a3c1-cef16bf49804,2025-06-29,james14_5213,
d3e2ebcc-7688-4352-baec-53771a63469d,ed3f31e6-860a-4e16-b3f0-ea9438d3c62d,2025-10-09,larrygraham_4658,
879e6074-20e2-4438-8759-d176310676de,fce1cd69-ae8a-4143-b6f6-ee0938683802,2026-04-06,eringuerrero_1393,Inside glass watch next customer sign.
abb7e4c8-fc1d-43c7-82fe-bdb06c2ccc00,1bab2be2-d756-4185-9524-b906af07fcfd,2025-09-26,lawrencegary_993,Economy blue south film analysis strong.
d6a3d6a6-c866-4cac-9ec1-d5f524edb3e6,8465c48f-54ea-42bf-a145-9ee425d0197a,2026-01-21,lonniegrant_7683,Class in name value reach born industry certain pressure.
c0d5e7ce-1266-46b6-8639-646bda45fbbf,0d1ec803-b53e-467e-875d-67fe67de9d50,2026-02-15,bstrickland_4168,
7cce0ccf-9c15-4e61-a80d-4ef635c230ef,118d9169-b261-455a-b60d-5b3cf8129626,2025-12-24,tblankenship_8510,Education difficult life race.
05f3c15b-87f9-47ae-9215-4c05e690cdc9,2f955b0a-a37e-42ee-86a2-36743238b347,2025-05-29,dennismccann_3658,Space little meeting fill.
d873f610-cce9-447d-96e6-e2ac5c5fbb48,118d9169-b261-455a-b60d-5b3cf8129626,2025-08-28,fernandodonovan_9180,
6508b508-8880-4bd9-8df2-1cba3c478999,b0929e7f-94dc-402f-9fe6-33582c40f5ba,2025-12-16,fgarcia_302,Analysis next item.
3c58d194-bd25-41f5-a38f-7cee80e59f7a,4f07a12f-ba84-4403-9c59-108e83d1fac4,2025-10-20,shawn00_7648,
9cc76d77-bf40-471e-b5da-f0cc8c82ec02,07661c9f-dcdc-4cce-9eb4-e2e9f5958965,2025-11-06,marycochran_2971,
98207365-52c1-4f07-a12b-fcb74652349d,c95c41c2-5834-459d-b089-a3e1d43974b3,2025-10-12,christinacraig_6944,
c734d36f-1bbd-4911-bffa-43c404707afd,8465c48f-54ea-42bf-a145-9ee425d0197a,2026-03-07,sandra86_5658,Know attack hour thing local professor.
1e14b36d-7088-45ae-8eac-451717080c57,fce1cd69-ae8a-4143-b6f6-ee0938683802,2025-06-04,joshua94_2629,Game describe bad.
0002b0a0-3b3e-47e5-aa32-cba999aedc0e,aa368327-19cf-4f77-a51e-484efd5b3d0d,2025-07-27,sandramendoza_5001,Party amount seat tax pattern right go front.
f13206f3-03c0-4a82-bbe0-b8a73d95994f,b49d313a-1b66-4c1f-a3c1-cef16bf49804,2025-07-30,johnrobles_3023,Easy unit necessary chance itself.
d77e0153-2ad3-45e2-90b9-6c1bee6778e6,118d9169-b261-455a-b60d-5b3cf8129626,2026-02-13,sferguson_8630,Forward society want.
9cb89701-72d6-4269-b3b1-3e0e0547dc44,118d9169-b261-455a-b60d-5b3cf8129626,2025-09-12,williamsullivan_4594,
688d76b8-dce3-4272-8340-cd601ba5df68,2ca3466c-aba7-4321-a248-6da9bcd7683b,2025-05-06,kduffy_8067,Question account news perform important realize speech first he.
185d4ad6-b097-4d17-85cf-64b88121df4e,b49d313a-1b66-4c1f-a3c1-cef16bf49804,2025-08-28,diazmelissa_2614,Space main gas single.
39fd3e35-3eaa-46ad-af3e-0332d099d521,b619e209-4e33-45b4-a9b1-490280dbd6fa,2025-06-05,victor87_8780,Describe occur trade.
1aa8d657-bf28-4633-a6db-34a1e9719627,fdafdaee-04a3-4c56-9cb5-fcdd8f6c1865,2025-05-14,qward_8620,
7214205d-1d3d-4a58-ba41-7768cf4cdef8,021cae00-d302-475c-84d8-43a611468fb6,2025-09-11,michelle63_897,Key or guess inside high catch paper.
e39113f2-f2d2-49cb-8062-3f8f18ac3022,7423a091-0fe5-49ba-966a-93a4205ca13f,2025-12-15,russellstout_5923,Contain yes media focus.
b77e784f-e61e-4cb9-b663-70f8477d170e,07661c9f-dcdc-4cce-9eb4-e2e9f5958965,2026-02-08,sharon70_4194,Detail in sense whole on local world.
3bbe5e97-baaa-43f4-ae78-24ad7c70b5ff,b750c0fc-1d95-4786-8693-5e1f7613ebaf,2026-03-08,kellis_8748,
4ee56767-3756-40fb-a698-573d082122de,2c481576-9f5a-47d9-acbe-bcb69fdc0dd2,2026-02-05,jonesdaniel_2893,Official really measure listen traditional together Republican must.
17ad5cd5-35c2-4f41-a9b3-50026c00ae51,3932827f-f4b1-4007-a4cf-00565ed1d38e,2025-05-16,deborahsmith_3470,Message which walk yet style.
26e5564b-112f-46d4-8745-ca4b06d55048,b0929e7f-94dc-402f-9fe6-33582c40f5ba,2026-01-05,tarabishop_6121,Ok building hand reduce however.
9c1a5529-2412-4b37-8f96-9c416088d7a9,fa95c3f3-2575-408c-a890-53c02e608977,2026-02-26,sarakim_1199,
48148691-adcb-4022-9803-466c7387cfb6,7423a091-0fe5-49ba-966a-93a4205ca13f,2025-04-19,billy21_7382,Through yes few.
d8d3cfc1-3617-4d7e-90b2-4536a8abd49d,021cae00-d302-475c-84d8-43a611468fb6,2025-09-09,andre62_5782,
58079c45-0942-4915-ac52-c0aea3f067dc,fce1cd69-ae8a-4143-b6f6-ee0938683802,2026-02-03,brittanygardner_9133,Response from write rather sort.
9acd24ea-9d46-4882-853d-1352f888d52a,cef90076-ce44-426d-8fb4-51dc52524bb8,2025-10-06,scottwood_5925,Inside research size.
d3c83035-87a6-490b-a976-4cabe9c77a9f,2ca3466c-aba7-4321-a248-6da9bcd7683b,2026-02-14,brenda51_8741,
f8bd948d-0e22-40c1-aaa0-c15bdbf9420c,a2ef815f-5c14-44e6-b892-ba4ab7e42e72,2025-10-15,brendastark_9104,
c8ff8d32-23b2-4add-8894-78f7629f56c0,c41b8437-d78b-4848-b4c6-d381f2c0a23e,2025-12-11,phelpsfrank_8648,Vote apply truth represent tend son him bit lead art.
22118040-3fd4-4e64-aaa7-0a8948876fd0,83e38cc2-7174-420f-91ad-73358befc0c3,2025-11-28,sandovalamy_4931,Coach real thank pay.
80724457-b68c-4c50-a10e-f8eefebeea04,cee1452b-1d2e-4d1d-a6d9-6a54582c9591,2025-04-27,christopher70_1739,College.
1d985443-1628-4096-99b4-4011cdf36631,fdafdaee-04a3-4c56-9cb5-fcdd8f6c1865,2026-03-09,rachelmedina_3974,Week someone.
c619a912-2c9b-4f53-bc69-55faef4c1025,a2ef815f-5c14-44e6-b892-ba4ab7e42e72,2026-03-30,samanthajensen_9295,First back set career.
b8939d09-8371-4e76-bd98-030759129dcb,b619e209-4e33-45b4-a9b1-490280dbd6fa,2025-08-01,dharrison_3015,
8baa94b1-dcd3-4fcd-bca8-df80cddc8013,a89de516-420c-450a-a12f-aae0620745e2,2026-03-03,craigharvey_4703,
f96c3db2-574d-47df-88cf-77634a6361d4,fa95c3f3-2575-408c-a890-53c02e608977,2025-05-28,collinsnicholas_8690,A something pay direction campaign.
5a6990a9-ebc9-46cf-b98c-63c093a0ceda,4f07a12f-ba84-4403-9c59-108e83d1fac4,2025-08-03,jimsnyder_382,
7e135b80-1be3-4b94-8e8b-f5515b51e2e0,118d9169-b261-455a-b60d-5b3cf8129626,2025-04-28,michelle52_7826,Claim change field.
a3b6e862-36c9-4a4e-a7ca-b0ea447ba915,ab637da0-46be-4613-ad9f-cecdb73e08d0,2025-06-02,reyesleonard_2003,Hundred only war probably after population artist.
7897084c-05e6-4033-abd5-78eb95d3bf00,3932827f-f4b1-4007-a4cf-00565ed1d38e,2025-07-27,nicholsjoel_2741,Up ahead let owner race.
0534bebe-8f42-43da-8677-e486d15d27cf,2e37111b-41db-47de-b951-189f59374d30,2025-09-07,ocrawford_9376,
1f6e7d97-eab7-4e14-8a2e-4a1a269c0a46,83e38cc2-7174-420f-91ad-73358befc0c3,2025-06-03,hamiltonandrew_4759,Often form from him stay.
f5d81b75-b01f-4d71-b42a-adcec716d293,2f955b0a-a37e-42ee-86a2-36743238b347,2025-09-28,josephmiller_7551,Ability take mother usually.
7faefeb5-f8b9-48f5-9dd9-ac7f45d50599,c95c41c2-5834-459d-b089-a3e1d43974b3,2025-11-16,jamesrodgers_7722,Word left about bring price begin.
47f26d24-3ce3-4e60-9fbf-b94896d2732f,b77b0a25-e7a0-49ce-81b8-751dcc9a7026,2025-04-09,dlittle_5279,
f5f1db80-7270-4928-85eb-bb84c83ec95f,8f3e8301-6825-44dd-8962-c323475d2e9a,2025-05-11,jeanettekrause_7310,Among television exactly leader run federal short analysis.
ff94d97c-5c12-4c0d-a434-7362d8272e6a,f8659d11-7ccb-4070-b9f2-6d19371736f9,2025-05-28,huffmannichole_8127,Minute military mission.
fac7820f-28dc-4b7e-b9b6-a298ebc7c7de,fa95c3f3-2575-408c-a890-53c02e608977,2026-03-20,kevinperkins_5414,
008f11f0-f221-4bf4-8ec0-16d4f658a065,ab637da0-46be-4613-ad9f-cecdb73e08d0,2025-10-06,shaneramirez_5614,Media themselves attention continue second sense process cost.
1876065e-e461-4462-be2b-cb1096794654,0d1ec803-b53e-467e-875d-67fe67de9d50,2025-07-24,clee_3435,Force seek town popular.
a6610c1f-ba86-4bf4-8f39-0243bc96b995,612d25dd-e20d-49ff-a040-8475e12dbc89,2025-09-11,danielle64_9833,Involve not also.
a5b70c75-bbfc-44f2-8596-22d0c85a0d48,b77b0a25-e7a0-49ce-81b8-751dcc9a7026,2025-05-12,jessicapayne_5231,Time world that director Mrs.
a9995df2-a6b8-49a3-893d-a3a0fcd98b36,2e37111b-41db-47de-b951-189f59374d30,2025-08-13,richardsonemily_7489,
b4913905-63aa-42c2-a4fd-25129203d4ea,2ca3466c-aba7-4321-a248-6da9bcd7683b,2025-09-14,fpena_7449,Catch let personal minute.
d8504e94-0d29-4577-9e22-b2fc82351bd6,2f955b0a-a37e-42ee-86a2-36743238b347,2025-11-08,emiller_3681,Life popular the community window suggest relate night.
1724f7e9-3703-45a7-9b3f-771b253d98e5,1ad5ce82-3a81-46c4-ad37-d0e675d3911a,2026-03-26,ramosmichelle_228,Morning site natural way still least marriage old man.
3c0ab006-18f3-4889-b71c-3cd2bcb2989e,1bab2be2-d756-4185-9524-b906af07fcfd,2025-12-12,donald62_5302,Gas value order run less.
56f066f6-0548-48b4-89d5-ba5995caa04b,bf6d3286-a2e9-4791-936d-5c650c0ec871,2025-11-23,rguerrero_3519,Much discover people market resource.
0e5f7f50-9458-4e76-a9a5-54324d64644f,118d9169-b261-455a-b60d-5b3cf8129626,2026-02-09,smithharry_8643,
52aa7489-07d8-4495-98fc-21d5ca95d98f,73e355e2-3ce3-42f7-a1c5-54817d64e115,2026-02-17,yorkpamela_5303,
2fd92ab6-4f21-46cb-b45d-571ba02f0e22,2c5d8f99-4bf0-44f8-b50d-d833e6642c0b,2026-01-11,lisa46_5842,Edge reveal buy close plan particularly.
279573c9-8b66-4feb-bb69-781e502f2600,fdafdaee-04a3-4c56-9cb5-fcdd8f6c1865,2025-12-24,cynthia05_2979,Year tax special.
2ee4d6f6-4fbb-4266-9802-afcd608da914,10813d4f-631c-4bc8-84bf-1c348813c232,2025-04-10,qdavis_3027,
1cb76143-2dd4-4dd8-88cb-3396a16e03f3,4f07a12f-ba84-4403-9c59-108e83d1fac4,2025-07-05,adamsamy_7079,Early indeed others food affect bring might.
4db63f80-2fe4-4395-81ba-5e80acf3e716,8465c48f-54ea-42bf-a145-9ee425d0197a,2025-08-12,brittney88_6464,
176c6854-b95b-431a-955f-ee359e68b86e,2f955b0a-a37e-42ee-86a2-36743238b347,2025-06-15,prowland_4496,Economy direction year hour yard.
5c7189bb-d8c0-4952-8ec4-0b560d8901d2,2c5d8f99-4bf0-44f8-b50d-d833e6642c0b,2025-12-31,parkerrichard_2133,
cbac8137-77d8-468a-ac4c-68bcde4b7167,b619e209-4e33-45b4-a9b1-490280dbd6fa,2026-02-01,steven86_6084,
4ba85f89-a201-4ea2-a25f-91b0100e55cb,ab894829-a75c-44c3-8a9e-821994fad366,2026-01-23,shellyhendrix_4190,Pattern job shoulder huge.
b2246b65-3f62-4f77-bb75-44c12d759bd3,07661c9f-dcdc-4cce-9eb4-e2e9f5958965,2025-12-30,wdavis_9224,Series put nation land.
aa9ca078-0399-44f0-81e6-2b08d50a526d,8465c48f-54ea-42bf-a145-9ee425d0197a,2025-11-13,wayala_4474,
195f753f-6777-44c7-8276-e5a5eec0e19e,fce1cd69-ae8a-4143-b6f6-ee0938683802,2025-11-04,campbellnancy_6961,Hour knowledge situation indicate door.
ceda9d98-4354-409b-9d24-c6d90ecb02c3,b77b0a25-e7a0-49ce-81b8-751dcc9a7026,2025-12-25,paulscott_799,Coach along lose short.
a63cd800-447a-46eb-b417-c98197f104eb,ab894829-a75c-44c3-8a9e-821994fad366,2025-04-28,stephanie72_8481,Water thank necessary real sense why especially down small beautiful.
d3e2ebcc-7688-4352-baec-53771a63469d,2f955b0a-a37e-42ee-86a2-36743238b347,2025-09-08,vhaley_6390,
7a030374-7fac-4e3e-955a-515deaf24cab,cef90076-ce44-426d-8fb4-51dc52524bb8,2026-01-07,harringtonchelsea_5090,
c74714c3-5170-4f9b-a557-49edd74959b8,2e37111b-41db-47de-b951-189f59374d30,2025-05-03,tammy99_7372,
4fa94f03-49e9-4099-8b85-c1efe25a0a5f,cee1452b-1d2e-4d1d-a6d9-6a54582c9591,2025-07-03,fballard_6226,Expert thank price technology foreign onto go.
fc5e1808-95df-46ec-880f-6e60abdc485c,2f955b0a-a37e-42ee-86a2-36743238b347,2025-04-22,cheryl80_1246,
15624e31-d91c-47e3-b828-9f0a303d9c81,2c5d8f99-4bf0-44f8-b50d-d833e6642c0b,2025-04-08,hawkinsbrett_5129,
09672b5b-3ed9-4ac2-a755-095bc03062e3,2c5d8f99-4bf0-44f8-b50d-d833e6642c0b,2025-12-04,twilson_7121,
a422f7d5-4991-43ce-9669-781a9ca88783,118d9169-b261-455a-b60d-5b3cf8129626,2026-03-23,yorkjoshua_9120,Fall so guy everything discussion must.
e5489848-1b45-4373-b35c-bb8b4190d547,38509747-e6ef-41b8-93f4-fbb4738e5da7,2025-12-18,stephenmadden_8983,
583868ee-4d5e-4c9c-9cfa-e750f637dd00,f8659d11-7ccb-4070-b9f2-6d19371736f9,2025-09-10,yorkpamela_5303,Ball finally admit.
7d259880-a6e0-4b4f-93df-c52bf33821b1,0d1ec803-b53e-467e-875d-67fe67de9d50,2026-03-27,rodriguezjohn_4731,Firm defense relate technology organization.
3c58d194-bd25-41f5-a38f-7cee80e59f7a,10813d4f-631c-4bc8-84bf-1c348813c232,2025-04-12,clarkgina_9264,Imagine year war.
32338fc5-aa82-4c9d-845a-d35ed545022a,8f3e8301-6825-44dd-8962-c323475d2e9a,2025-11-11,kyleclark_5829,Different which the fund strategy.
1f3933a7-ce79-4551-a366-b334786c7665,b49d313a-1b66-4c1f-a3c1-cef16bf49804,2026-03-26,xglover_9968,Training sometimes inside to experience thing actually medical remain.
568f1ca3-96e8-45bf-8981-c4a93dbdff9d,2ca3466c-aba7-4321-a248-6da9bcd7683b,2026-03-19,lvasquez_8722,Use child two feeling lose player.
3663d578-7198-4db7-b7e4-d726af7022e7,75cc1635-eeb6-4967-aa15-ab074e08889e,2025-06-11,nicholasjames_7333,Central include close present medical.
0c78db8d-8e79-4301-8ece-4c3798fb8927,aa368327-19cf-4f77-a51e-484efd5b3d0d,2025-05-15,russellwilliams_6890,Other former forget.
a5c4920c-de72-4bfc-87c7-bc775a1a6c5b,cee1452b-1d2e-4d1d-a6d9-6a54582c9591,2026-01-28,amanda51_2024,
c066358c-46e5-40e4-a064-76f651feb156,b619e209-4e33-45b4-a9b1-490280dbd6fa,2025-07-24,montesjuan_8648,
e973872a-3d5a-493d-bcf2-8d5e1edfc131,75cc1635-eeb6-4967-aa15-ab074e08889e,2025-10-27,lgutierrez_3275,However.
bd589160-6cce-45f3-ba0d-edee5975c853,49412e9c-6f34-4a3a-a199-872966e00252,2026-01-28,ofinley_9533,Sell apply.
4fb518bd-d892-45ab-add5-4d550f2295b3,ab894829-a75c-44c3-8a9e-821994fad366,2026-04-06,jennifercruz_4669,Hospital our level.
be7dc39c-2965-4f79-a2ca-e7c89e6c5ef9,cc8c9a13-3ec9-437a-95eb-5313862d2be4,2025-06-05,chloe58_2534,Of audience.
8e5c5183-d731-406c-a045-8fe345eb55d6,b49d313a-1b66-4c1f-a3c1-cef16bf49804,2026-03-26,thompsonnancy_2698,Step work at blue itself.
6d738d72-97a7-41db-a1f7-99aece9a6d07,612d25dd-e20d-49ff-a040-8475e12dbc89,2026-01-18,george97_3361,Stock cost reality.
3fa82b79-1f14-4344-a7d3-e94d42abab65,1bab2be2-d756-4185-9524-b906af07fcfd,2025-08-21,melaniejennings_1034,
80dfe956-8da8-4579-85a9-94abbe0bd5ad,118d9169-b261-455a-b60d-5b3cf8129626,2026-01-19,terickson_2938,School exactly themselves remain prevent prepare.
e6de0f72-58bd-46b8-898b-60dd179e0a02,cee1452b-1d2e-4d1d-a6d9-6a54582c9591,2025-07-06,aprilwallace_3391,
189caff7-1095-40c2-ac90-e9cf6b63ebc7,ed3f31e6-860a-4e16-b3f0-ea9438d3c62d,2026-01-30,yleon_9937,Yourself spend put lay science weight long suggest.
11e975d9-791c-4b5e-8211-c8297a5cec1e,3932827f-f4b1-4007-a4cf-00565ed1d38e,2026-03-12,nicholsdarlene_3954,Whatever particularly community add.
a2bb7f45-7f66-4b52-80f5-46bc82376733,fa95c3f3-2575-408c-a890-53c02e608977,2026-04-04,ywhite_3423,
8604dccd-fd43-4ab2-92ab-38f4bd3dec59,2e37111b-41db-47de-b951-189f59374d30,2025-12-24,afigueroa_2298,Include prevent beyond.
9acd24ea-9d46-4882-853d-1352f888d52a,7ebf573f-b0fd-4f3b-95ab-a918d48409d8,2025-12-10,bradleysavannah_2743,
74dc5793-aa24-42e4-a10b-a7f1348d0d0c,1bab2be2-d756-4185-9524-b906af07fcfd,2025-11-12,amoore_7887,
791886e0-40c5-40ce-a574-0dbc3cae0db4,ab637da0-46be-4613-ad9f-cecdb73e08d0,2026-03-30,raymond43_1394,Lose give coach test machine article move decision perform.
81573259-a26c-4aaf-b28f-f3cbc739d985,b619e209-4e33-45b4-a9b1-490280dbd6fa,2025-12-07,zbell_4539,Son face lawyer program better capital what tax after would.
3da2f4c8-c819-4e2d-9253-fddcc2108964,cee1452b-1d2e-4d1d-a6d9-6a54582c9591,2026-02-07,jose56_5978,
dc68f26f-f251-499f-b2b7-0cf90e7d213c,a2ef815f-5c14-44e6-b892-ba4ab7e42e72,2025-11-04,justin80_2730,Record fly old add although pattern deep happen.
5873d492-e772-466b-a5ae-1dbebd94cfc8,fce1cd69-ae8a-4143-b6f6-ee0938683802,2026-03-17,kmaldonado_5239,Knowledge hundred.
fa4fd0a3-7c34-49c3-bcbb-b107191718bb,c95c41c2-5834-459d-b089-a3e1d43974b3,2025-07-24,jamiejohnson_8364,
acae09da-351b-4940-945a-2b9917c18f01,fdafdaee-04a3-4c56-9cb5-fcdd8f6c1865,2025-07-17,charlesharrington_3870,
45f05030-8425-4613-b257-45f13c001f4d,43486e15-bc79-4ef8-98c8-fb67a65ff21c,2026-02-12,laurahoover_918,Five suddenly week.
89befc49-e744-440b-8773-bf7aab3a889d,b77b0a25-e7a0-49ce-81b8-751dcc9a7026,2025-08-05,mariacohen_4078,Special choice.
bb8d902d-0f5f-428a-bbea-b71d6e7eb2bc,0d1ec803-b53e-467e-875d-67fe67de9d50,2026-02-20,zperez_9827,
92dca2cd-96a0-42a9-ba3c-bccdcd55f3b5,b750c0fc-1d95-4786-8693-5e1f7613ebaf,2025-04-20,scotthall_8949,
b0c4cd01-c309-407e-a7e3-a5f6d8112e7f,43486e15-bc79-4ef8-98c8-fb67a65ff21c,2025-10-02,jacqueline20_3596,International while but cost possible money.
088d3d22-89ef-4c2e-9db6-2f980c1bc6d0,021cae00-d302-475c-84d8-43a611468fb6,2025-06-10,romerogary_8070,Our bill international.
154187e7-8f89-4795-8b39-1d5024568d56,2c5d8f99-4bf0-44f8-b50d-d833e6642c0b,2026-03-30,jessica42_3710,
3d2a5936-fb76-44ee-9421-719cddce03e8,ab637da0-46be-4613-ad9f-cecdb73e08d0,2026-02-18,davisjeffrey_2825,Across read door.
e29a2fdb-dcf2-42e2-88d5-10a0cbc3137c,07661c9f-dcdc-4cce-9eb4-e2e9f5958965,2025-08-18,reevesjimmy_3827,Show near myself opportunity smile.
82d1e378-3848-46af-a983-b12c76accc08,ab894829-a75c-44c3-8a9e-821994fad366,2025-05-04,hritter_960,Off behind arm husband soldier.
0939e1b0-3d15-4314-9662-aff2766fa047,1ad5ce82-3a81-46c4-ad37-d0e675d3911a,2025-09-19,aprilfoster_3699,
56555430-2e8a-4393-a5da-df9dc656f254,fdafdaee-04a3-4c56-9cb5-fcdd8f6c1865,2025-12-27,xrodriguez_4743,This lose among create writer myself network car government natural.
9bd3dc7f-34c0-44bb-b249-40a639a8c930,c95c41c2-5834-459d-b089-a3e1d43974b3,2025-05-10,dannylambert_8865,Allow sometimes.
e798cf6a-22ca-48f4-bb48-d8933f2a7d9f,b77b0a25-e7a0-49ce-81b8-751dcc9a7026,2026-03-03,matthewreeves_1691,
93432d77-5aaa-4fb8-9f81-5c52c19aeb9d,2e37111b-41db-47de-b951-189f59374d30,2026-03-08,hendersonjames_522,Another large expert activity.
76979ed7-fcf7-426c-a2c8-003c0401ad21,612d25dd-e20d-49ff-a040-8475e12dbc89,2025-06-01,umatthews_4800,Behavior any ago.
276c2d85-1c86-48fc-8c74-b1dcf84308ef,10813d4f-631c-4bc8-84bf-1c348813c232,2026-04-07,sarah00_1024,Before cost end difference last final now.
273e2eb8-6409-40e3-89b0-95f86b346381,1ad5ce82-3a81-46c4-ad37-d0e675d3911a,2025-04-24,bookerandrew_6568,Information middle now various close technology what effect.
74c26304-6c00-4b30-8ced-8725165018df,a89de516-420c-450a-a12f-aae0620745e2,2025-11-21,wendy11_3962,Cause word item word performance old.
f1d215db-8b64-4fac-be33-061d960f8425,4f07a12f-ba84-4403-9c59-108e83d1fac4,2025-12-20,jamiejohnson_8364,North money information talk front.
d75d9c40-568c-447c-ae8d-00b39425ec9a,b49d313a-1b66-4c1f-a3c1-cef16bf49804,2026-03-16,brenda51_8741,All low member discuss account door front commercial.
16079de3-49dd-43f7-beeb-406ed00793bc,692b5340-3d53-4174-9cd2-2f2700083e53,2025-10-25,brittanygardner_9133,Order organization page we.
b7859172-48d5-41b2-a8fd-3ca57b390885,7423a091-0fe5-49ba-966a-93a4205ca13f,2025-04-19,bartonshannon_8695,Catch wide raise lose look require.
c806dbb5-cddc-4b60-a51c-71f9330961f9,1bab2be2-d756-4185-9524-b906af07fcfd,2025-11-21,carrwilliam_8437,New effort trial nature than.
69b4af73-4697-4a45-9035-b63850308a9b,7423a091-0fe5-49ba-966a-93a4205ca13f,2026-01-29,bryanlang_354,
549d538b-56da-4c6a-b142-b2e9de0da634,692b5340-3d53-4174-9cd2-2f2700083e53,2026-01-04,george97_3361,
b8095efc-14f0-431e-b2ce-c6d0698192f8,10813d4f-631c-4bc8-84bf-1c348813c232,2025-05-08,wagnergerald_9714,Much control show smile.
eab8fb38-1dae-44eb-b39f-82e7182db05a,c41b8437-d78b-4848-b4c6-d381f2c0a23e,2026-03-08,kjones_4013,Traditional then particularly soldier case artist picture resource.
e6607594-5e5e-41ca-b554-d0d7890458ce,7423a091-0fe5-49ba-966a-93a4205ca13f,2025-06-21,michaeljohnson_2885,
8e3b26cc-14eb-487e-93c2-f4c75069210e,118d9169-b261-455a-b60d-5b3cf8129626,2025-06-23,ortizrobin_6197,
fd067175-59cc-4ed6-8609-b7f3775bdb10,83e38cc2-7174-420f-91ad-73358befc0c3,2025-08-06,cookpamela_3929,Black though federal help far hope.
b7a35e5b-3510-4e3d-b3bd-09f3bb0fc6ae,b0929e7f-94dc-402f-9fe6-33582c40f5ba,2026-04-05,jacob09_1667,Involve bit owner lay billion.
b3aa6b6d-5258-49a3-82e8-5f68105dc207,4f07a12f-ba84-4403-9c59-108e83d1fac4,2025-09-17,andersonjessica_7863,Process woman particular before sure.
272279ab-4637-4dcd-adef-080f95e5d042,10813d4f-631c-4bc8-84bf-1c348813c232,2025-07-20,jeffrey42_1759,Power majority.
76a4f626-5bcc-4b57-a010-dabd51c473fe,aa368327-19cf-4f77-a51e-484efd5b3d0d,2026-02-01,sandersmary_4553,
62d3bacf-42c8-4603-a3b4-8b8994038fa8,2f955b0a-a37e-42ee-86a2-36743238b347,2025-07-11,debragraham_805,Four.
fa750e26-7278-422e-b32e-62b59d8f44f2,43486e15-bc79-4ef8-98c8-fb67a65ff21c,2025-06-30,angela73_6897,Edge late PM style difficult water significant heart exist.
6f19d82e-23e9-449b-95bd-17182e1d315a,ed3f31e6-860a-4e16-b3f0-ea9438d3c62d,2025-07-29,kimberly21_3418,
108a2170-1471-4fee-9412-e42e90b2a53e,63b35eb5-23ad-4d28-8a9e-d2adb3d602e9,2025-05-07,samuel87_3972,Involve feeling say him.
5123e52d-f831-4873-ba0b-a22a7b065454,7423a091-0fe5-49ba-966a-93a4205ca13f,2025-12-15,lopezjason_6529,
bb46eba6-3efe-4f73-ab96-68b8c8d44e0f,73e355e2-3ce3-42f7-a1c5-54817d64e115,2025-07-04,jamesmills_4569,Future opportunity respond.
29d474d7-d715-414c-bc2c-49b5b1a8d6e0,2ca3466c-aba7-4321-a248-6da9bcd7683b,2026-01-05,anna99_8672,
50324282-12cb-48d1-be46-02a25a7a6693,f8659d11-7ccb-4070-b9f2-6d19371736f9,2025-06-28,gsimmons_7081,Democratic.
2adf0bb9-00f8-49a2-86b6-a97a48b65f1c,b77b0a25-e7a0-49ce-81b8-751dcc9a7026,2026-03-06,bbell_4217,Time ask activity.
8241e57d-2fbf-4df8-8330-77609205431d,c41b8437-d78b-4848-b4c6-d381f2c0a23e,2025-10-10,ejohns_9947,Cold anything loss page surface baby everyone.
e3af1c08-f1fb-42b7-9e92-b1eca49301ba,b49d313a-1b66-4c1f-a3c1-cef16bf49804,2025-10-18,jessicastanley_2838,Hair will stop identify hand approach study.
0ab7484a-1c57-430a-85ce-2b8b6409bab3,2f955b0a-a37e-42ee-86a2-36743238b347,2025-07-13,rschroeder_5362,Bank score set eat.
9618785e-23f5-46e2-b662-1eea35f81b2c,bf6d3286-a2e9-4791-936d-5c650c0ec871,2025-06-13,belindatran_3081,
501191b3-1385-450f-806d-aae15a989666,fce1cd69-ae8a-4143-b6f6-ee0938683802,2025-08-30,jessica14_1631,Outside treat physical scientist reduce themselves left.
26e5564b-112f-46d4-8745-ca4b06d55048,1bab2be2-d756-4185-9524-b906af07fcfd,2025-11-20,dustin60_8551,
7da95169-2cfa-40c9-b339-1e4c2d851ca9,8f3e8301-6825-44dd-8962-c323475d2e9a,2025-09-19,dominicturner_4612,
f2c09c37-969a-448a-8949-62ecef4b069c,38509747-e6ef-41b8-93f4-fbb4738e5da7,2025-05-19,hunterandrea_4197,Ready own stop only car arm image yes.
b1b0ca99-0ed1-4783-a530-1ec488cd69d6,49412e9c-6f34-4a3a-a199-872966e00252,2026-02-10,nicholas65_6202,Baby consumer them tree.
58fd8c1e-13bc-47ef-8bc5-085c0bc576a0,0d1ec803-b53e-467e-875d-67fe67de9d50,2026-03-17,steven05_7548,
27e7e5ad-2908-45e4-9c81-3bc0c8383980,2ca3466c-aba7-4321-a248-6da9bcd7683b,2026-01-15,gary04_8689,Blue name home.
33595f4c-b7c4-4268-8562-86c4cd413c80,ed3f31e6-860a-4e16-b3f0-ea9438d3c62d,2026-02-26,tanner82_6599,Information way imagine.
f5d81b75-b01f-4d71-b42a-adcec716d293,692b5340-3d53-4174-9cd2-2f2700083e53,2025-11-10,hendersonleslie_7512,Popular crime Congress sound ten.
67dc93c7-d92f-4703-8612-d05aa449c217,fce1cd69-ae8a-4143-b6f6-ee0938683802,2025-05-29,amullins_3831,Leader effort PM summer down bill here.
694e1dbf-afeb-4a15-8d07-521080301793,2ca3466c-aba7-4321-a248-6da9bcd7683b,2025-05-30,ureyes_5229,Executive three require back.
cb9208f5-425f-4756-b194-0a63425f78ab,8f3e8301-6825-44dd-8962-c323475d2e9a,2025-10-27,patrick11_8292,Daughter order court ok woman tough girl.
34d1b567-870a-46b5-a708-1c32f2fce3d1,b0929e7f-94dc-402f-9fe6-33582c40f5ba,2025-04-10,tammypalmer_4043,Charge director small.
c0eb50d0-47d6-4c73-aaf4-58622f9d5bb3,4f07a12f-ba84-4403-9c59-108e83d1fac4,2025-11-17,camposmichelle_4989,
df6bb5cf-bf7a-4e70-890b-5f8af115d934,1bab2be2-d756-4185-9524-b906af07fcfd,2025-12-21,steven17_2701,History few most network want grow ok.
583747fb-b04b-4ff4-afb8-4807324e8ba0,bf6d3286-a2e9-4791-936d-5c650c0ec871,2025-11-23,jameshill_1474,Us beautiful join subject necessary.
5b40769e-9e33-4a5e-9819-452532b02f26,c95c41c2-5834-459d-b089-a3e1d43974b3,2025-12-09,valenzuelaemily_8972,
7a5df428-7208-4526-98a5-6ee888284424,ab637da0-46be-4613-ad9f-cecdb73e08d0,2025-05-09,paul01_4003,
95fb722a-2f80-4af3-aad2-ca60b0dca65f,2e37111b-41db-47de-b951-189f59374d30,2025-11-09,martintamara_3017,Rock now really.
5209bb75-5f8f-4aae-b007-3a67e5dd4fb4,1ad5ce82-3a81-46c4-ad37-d0e675d3911a,2025-12-30,daniellee_9629,Perhaps vote call commercial agree sea actually relate.
36ab014a-fbb2-4002-942d-4d8c84c6464a,2c5d8f99-4bf0-44f8-b50d-d833e6642c0b,2025-08-23,dwatts_8064,Design wife stage customer yard full likely hear onto.
4b2a36ef-a9e9-4d5a-b854-71e5bd510097,ab637da0-46be-4613-ad9f-cecdb73e08d0,2026-02-01,lindajarvis_9394,
38b3781b-208c-4355-928e-5b9b1aa935dc,cc8c9a13-3ec9-437a-95eb-5313862d2be4,2025-08-09,gary57_2896,Conference or up never wonder clear present.
195f29b1-a677-4966-be26-90c5647047a4,10813d4f-631c-4bc8-84bf-1c348813c232,2025-09-18,qknox_9439,Tonight field.
4dabbc27-a92e-47fd-956f-432b4bc155a6,aa368327-19cf-4f77-a51e-484efd5b3d0d,2025-09-17,aaronfinley_4069,Somebody three last born.
45b4675c-2d9e-48b7-8982-a69a0737bb49,b619e209-4e33-45b4-a9b1-490280dbd6fa,2026-02-02,pfoster_9863,
76979ed7-fcf7-426c-a2c8-003c0401ad21,2c5d8f99-4bf0-44f8-b50d-d833e6642c0b,2025-06-03,melaniedrake_9834,
609ff9d9-81b4-4681-a6a4-1c33c8b2056a,38509747-e6ef-41b8-93f4-fbb4738e5da7,2025-12-24,andre62_5782,
97fdb990-b4df-4f36-bdd9-f9ca279258be,43486e15-bc79-4ef8-98c8-fb67a65ff21c,2025-11-28,vparker_4350,
af809ef7-53b2-4a54-91cd-a0899ed5c62b,8465c48f-54ea-42bf-a145-9ee425d0197a,2025-08-24,laurenchandler_5428,Thought me song sign threat fight what author year.
4173047e-4460-4dc5-8dd6-b74d3aa3b9c1,692b5340-3d53-4174-9cd2-2f2700083e53,2025-10-28,kellythompson_3538,
ca1b163a-69e8-4a71-9c37-70d9634c4c0e,83e38cc2-7174-420f-91ad-73358befc0c3,2026-03-04,cordovaamy_8451,
acd97d97-0eff-4499-91c1-24ca67adc909,a2ef815f-5c14-44e6-b892-ba4ab7e42e72,2026-04-08,penajohn_9579,
32daf059-a157-4e54-b9d9-964f60f713b8,49412e9c-6f34-4a3a-a199-872966e00252,2025-08-01,elizabeth51_5497,
8ed0418a-6f36-4682-beb4-d3258c7e0cdc,fce1cd69-ae8a-4143-b6f6-ee0938683802,2025-11-28,victor70_2850,As exactly both money tough adult consider successful detail purpose.
369564d3-170f-47fb-b546-3e9fdad364d0,b750c0fc-1d95-4786-8693-5e1f7613ebaf,2025-07-21,joshuacollins_5768,Scene we full democratic million mean center.
d6dddac0-18a0-4ab6-8290-1a610e5b65d0,f8659d11-7ccb-4070-b9f2-6d19371736f9,2026-02-18,wellsdavid_5796,
aa44cba8-3bc6-4869-9fa7-ddaf3ddf7d68,63b35eb5-23ad-4d28-8a9e-d2adb3d602e9,2026-01-08,shortrichard_1691,
590971f0-3f77-46af-a4c2-5e3fc3da2916,10813d4f-631c-4bc8-84bf-1c348813c232,2025-08-03,csmith_8129,School stay arrive out assume fish risk choose bank next.
e12b7ecb-1da6-4d22-be57-625858549baf,a2ef815f-5c14-44e6-b892-ba4ab7e42e72,2025-06-23,jennifercruz_4669,
5f899ab9-1bc9-4b45-960c-37e118fe9988,ab894829-a75c-44c3-8a9e-821994fad366,2026-01-02,burtonzachary_6378,
549d538b-56da-4c6a-b142-b2e9de0da634,bf6d3286-a2e9-4791-936d-5c650c0ec871,2025-04-09,campbellnancy_6961,Decision voice.
23973d24-3176-4128-be3a-a7eea2218192,b750c0fc-1d95-4786-8693-5e1f7613ebaf,2025-10-07,samuel87_3972,
78715415-241a-48a7-a0c3-4ba9bcd792f3,73e355e2-3ce3-42f7-a1c5-54817d64e115,2025-12-21,khammond_1504,This maybe explain religious goal environment.
d670b0cb-321c-4536-b4eb-a40067825cf7,b77b0a25-e7a0-49ce-81b8-751dcc9a7026,2026-03-06,sophiali_6966,
455ef033-735d-4aa5-a682-cf3b83949aec,38509747-e6ef-41b8-93f4-fbb4738e5da7,2025-11-15,eringuerrero_1393,But stop whatever power.
5a12338b-866e-4787-9bf8-668b6a6745a8,10813d4f-631c-4bc8-84bf-1c348813c232,2025-12-08,lloydamanda_167,
a7c24315-e2de-447e-b958-52719852b63c,1bab2be2-d756-4185-9524-b906af07fcfd,2026-02-26,stevenscott_5800,
8bdddadd-7540-4c0f-afb3-e04104d50651,1bab2be2-d756-4185-9524-b906af07fcfd,2025-04-26,qharris_4499,
36a2eec9-cf00-4cbd-9b9f-04d7cd08adb9,021cae00-d302-475c-84d8-43a611468fb6,2025-06-04,james67_9466,
02f81a2b-387a-48e4-b008-b49aa2dd1b2d,aa368327-19cf-4f77-a51e-484efd5b3d0d,2026-01-18,larrygraham_4658,
7b439513-f7c3-4ca0-8c54-96b7ec57dbb9,b49d313a-1b66-4c1f-a3c1-cef16bf49804,2025-11-04,sedwards_6998,Town couple process ok phone.
a8bfabe3-0516-49b5-8b6c-692d0de6314f,ed3f31e6-860a-4e16-b3f0-ea9438d3c62d,2025-09-27,cwilson_7491,Few hour.
9d376643-ee37-4d6d-94af-26ed7993ce3a,ab637da0-46be-4613-ad9f-cecdb73e08d0,2025-07-31,pgarcia_4495,
024201c2-156e-4ff4-bde1-354b6808137b,cee1452b-1d2e-4d1d-a6d9-6a54582c9591,2026-02-11,keyemily_4206,Stand painting economic ground heavy.
4d3bb8b7-55f6-472c-80d0-9fd1f3ae4854,7423a091-0fe5-49ba-966a-93a4205ca13f,2025-11-24,smithdiana_5627,
a78192b7-6866-4fd8-946a-965983fda435,63b35eb5-23ad-4d28-8a9e-d2adb3d602e9,2025-07-03,kevinclayton_6304,Writer low contain possible agreement available mention let church.
b3f6a21a-93de-43cb-b2e4-b93d423dabdb,1bab2be2-d756-4185-9524-b906af07fcfd,2025-09-13,jonesraymond_5929,Sport matter structure forward lay throw any husband.
19aaa7a2-bd03-4ae0-addb-6c81e3abddde,73e355e2-3ce3-42f7-a1c5-54817d64e115,2025-08-24,ihenry_7692,
76a0dc66-3981-4568-a4bf-84f7c7c86181,fce1cd69-ae8a-4143-b6f6-ee0938683802,2025-09-21,taylorjuan_793,Chair might yeah within allow exist necessary.
b3b1d037-4ec5-4f70-98b5-0696337bf578,ab637da0-46be-4613-ad9f-cecdb73e08d0,2026-02-19,qburns_8921,
bead1daf-fe4e-4a5b-a0b6-dac611e2ef45,ab894829-a75c-44c3-8a9e-821994fad366,2025-08-21,kevinclayton_6304,Deal education threat try account person deep.
1095d1bb-3820-49fb-b874-a81ca1692f46,b49d313a-1b66-4c1f-a3c1-cef16bf49804,2025-06-17,xboyd_204,Like material page.
3644502d-265e-4496-a5bb-0cffead23987,b619e209-4e33-45b4-a9b1-490280dbd6fa,2025-09-15,carolcarney_9883,
ca7a6f86-1d1b-4021-bbde-ae36789d6d02,38509747-e6ef-41b8-93f4-fbb4738e5da7,2025-07-21,gmcdowell_1528,Significant man author responsibility carry middle sing.
d578259e-385a-474c-8fbe-82d36f038693,692b5340-3d53-4174-9cd2-2f2700083e53,2025-04-15,sophiali_6966,Body camera discuss discuss.
3f80b43c-1752-422f-a408-7345cff0b6db,2e37111b-41db-47de-b951-189f59374d30,2025-10-23,tiffanysantiago_6447,Traditional system own responsibility.
2807e47c-ed2a-44bd-842f-fd558e993afe,73e355e2-3ce3-42f7-a1c5-54817d64e115,2026-02-06,rmccormick_3521,Lose wife understand manager worry current health sure.
3bcf5622-4f43-44bb-a32d-5422812d4f2b,a2ef815f-5c14-44e6-b892-ba4ab7e42e72,2025-07-06,parkerscott_9257,In drop establish may have.
ebd58ffc-a5cf-4d04-ad80-1256df57986d,b619e209-4e33-45b4-a9b1-490280dbd6fa,2025-08-22,adamreyes_1947,
40c47f4c-f7a3-464b-b74c-bc69ec5cf599,692b5340-3d53-4174-9cd2-2f2700083e53,2025-09-20,craigharvey_4703,Final short choose answer.
c4f6f9b7-2b94-4e00-9158-5738323349ce,2e37111b-41db-47de-b951-189f59374d30,2026-03-20,mario74_3607,
a0e16c49-c611-4e37-9ab4-5eeaca094597,b49d313a-1b66-4c1f-a3c1-cef16bf49804,2025-11-25,sandovalamy_4931,Game majority form.
a4084efa-c4f5-430a-931c-4118bb82825b,2c481576-9f5a-47d9-acbe-bcb69fdc0dd2,2025-10-18,fhernandez_8631,Food choice north animal appear bag.
e565b54d-0000-44dd-8d76-c5be70c688d9,fce1cd69-ae8a-4143-b6f6-ee0938683802,2025-12-24,cruzhannah_6405,Ok speech watch hour investment matter tax fly.
febfdc6c-c827-4968-bab8-7991c755089e,692b5340-3d53-4174-9cd2-2f2700083e53,2025-12-08,zwarren_2390,
b87313bd-b273-46db-bcbf-30e9fc0d65d5,aa368327-19cf-4f77-a51e-484efd5b3d0d,2025-09-25,eric11_3866,Three plant.
3081b9c2-b56d-4181-855d-2040b322bcb4,ed3f31e6-860a-4e16-b3f0-ea9438d3c62d,2025-10-06,rjohnson_6299,Of game last person.
42f9dee0-c7c9-4c5c-bec7-932de57f581e,3932827f-f4b1-4007-a4cf-00565ed1d38e,2025-12-15,kellyroberts_9634,
1379ec74-2060-4680-a055-590a7e0207db,83e38cc2-7174-420f-91ad-73358befc0c3,2025-09-29,michealvalentine_8906,Herself night similar someone seek vote affect.
32037cf4-ff15-45dc-94bd-b2feaa0f16a3,2c5d8f99-4bf0-44f8-b50d-d833e6642c0b,2025-06-27,michael43_5982,
418cc6c9-7a2c-4d93-bea7-f0c75dc90d55,692b5340-3d53-4174-9cd2-2f2700083e53,2025-08-14,sandra47_7611,Dream case information.
e5f72813-f8e0-4de6-9394-c85a3a690f5e,c95c41c2-5834-459d-b089-a3e1d43974b3,2025-12-04,steven86_6084,With why fine future.
b2246b65-3f62-4f77-bb75-44c12d759bd3,cef90076-ce44-426d-8fb4-51dc52524bb8,2025-11-18,rodney65_7539,
c01d7da6-c190-4fae-8cba-8618f11862d3,118d9169-b261-455a-b60d-5b3cf8129626,2025-06-01,debra96_7312,
740f3f7e-b22e-4b1d-a703-0718fd410a12,fdafdaee-04a3-4c56-9cb5-fcdd8f6c1865,2026-03-15,ericphillips_4164,
7206404f-9b92-47cc-81af-217a947c7f5a,f8659d11-7ccb-4070-b9f2-6d19371736f9,2026-04-03,turneralex_195,Trip east weight answer station be own.
2557b27d-4c07-407a-9ee5-24a5df52f839,fa95c3f3-2575-408c-a890-53c02e608977,2025-05-01,patrickhernandez_4886,
32eece19-2cac-480c-81f0-3e36fea20a84,7423a091-0fe5-49ba-966a-93a4205ca13f,2025-09-10,jeff73_2096,
6883aceb-8f33-40b4-8d90-3101dd19601e,ed3f31e6-860a-4e16-b3f0-ea9438d3c62d,2026-03-13,cordovarichard_2167,Decision staff person.
189caff7-1095-40c2-ac90-e9cf6b63ebc7,ed3f31e6-860a-4e16-b3f0-ea9438d3c62d,2025-10-05,lholmes_9759,Leader official either lawyer.
9fd12066-50b8-48a2-aa72-699582e37ef9,8465c48f-54ea-42bf-a145-9ee425d0197a,2025-07-28,carlos88_3981,
b0c4cd01-c309-407e-a7e3-a5f6d8112e7f,b77b0a25-e7a0-49ce-81b8-751dcc9a7026,2025-09-01,ramirezderrick_7071,Class skin state analysis glass degree nice company term.
2b204ec0-df75-45bb-9d89-d836ecbaea79,fa95c3f3-2575-408c-a890-53c02e608977,2025-11-18,hoganashlee_2694,
509704dd-680c-4600-8654-8654cbdf2643,4f07a12f-ba84-4403-9c59-108e83d1fac4,2026-01-26,lori33_2603,
103c4818-06f2-43ce-bed8-69a190d3e842,43486e15-bc79-4ef8-98c8-fb67a65ff21c,2025-12-20,dylanwatts_570,
c806dbb5-cddc-4b60-a51c-71f9330961f9,75cc1635-eeb6-4967-aa15-ab074e08889e,2026-01-12,gerald40_7686,Black science ready.
fb32d84c-959e-432d-b007-bdcba8f4a90a,f8659d11-7ccb-4070-b9f2-6d19371736f9,2026-03-31,nking_310,Require window bar ahead however successful service everybody own.
49142f7b-9370-46f3-b456-bfd9c81d96bb,8465c48f-54ea-42bf-a145-9ee425d0197a,2025-11-05,ortizrobin_6197,Report area news operation thus whether.
9cc76d77-bf40-471e-b5da-f0cc8c82ec02,8f3e8301-6825-44dd-8962-c323475d2e9a,2025-12-25,steven17_2701,Republican modern sometimes.
e1fe002b-5d8d-4825-94c7-727be2b69286,10813d4f-631c-4bc8-84bf-1c348813c232,2025-06-15,timothytate_230,
a4b7fad5-1175-45fe-a95d-ba9000cad84d,0d1ec803-b53e-467e-875d-67fe67de9d50,2025-10-08,brandywalker_9522,
6abcc74f-4842-4e8d-87a2-d72dd89c0fee,fce1cd69-ae8a-4143-b6f6-ee0938683802,2026-01-26,dawsontanya_2678,
e523299e-ab92-44fb-aa3f-b62f14611dba,2c5d8f99-4bf0-44f8-b50d-d833e6642c0b,2025-10-24,stacey92_6396,
d270e709-ce74-47f6-bfc1-6526d473eff4,73e355e2-3ce3-42f7-a1c5-54817d64e115,2025-06-13,megan51_1177,Together offer point air agent generation.
ab5642ce-746f-4127-a9fd-3dd143a0adf7,3932827f-f4b1-4007-a4cf-00565ed1d38e,2026-04-06,abigailhartman_5926,Support kind pattern order TV say scene learn home east.
4eb245e3-d88e-4def-8d61-f1d455f26d6f,7ebf573f-b0fd-4f3b-95ab-a918d48409d8,2025-04-22,tylerboone_1766,
103c4818-06f2-43ce-bed8-69a190d3e842,10813d4f-631c-4bc8-84bf-1c348813c232,2025-05-17,molly71_2348,
26725ded-4778-4797-8e60-0ac944adb45e,2f955b0a-a37e-42ee-86a2-36743238b347,2025-10-20,ythompson_1575,
41e3a833-2859-41b1-9f7c-d08e769a7a36,8465c48f-54ea-42bf-a145-9ee425d0197a,2025-08-22,warrenjohn_5600,Best relationship cut.
5b50aa19-a18a-427f-bdd3-7042412799da,cb8ce817-109f-4a4a-8779-6878a4fe64f5,2026-03-20,tara02_5081,Television successful method happen build kitchen region able.
54e7d9a3-5797-4f76-a6f1-666a609a0156,8465c48f-54ea-42bf-a145-9ee425d0197a,2025-12-19,cnelson_4878,
154187e7-8f89-4795-8b39-1d5024568d56,021cae00-d302-475c-84d8-43a611468fb6,2026-01-27,jennifer90_3863,Provide recently data.
5aa10114-7fc3-4b3b-9e96-dbbb788b4bac,b750c0fc-1d95-4786-8693-5e1f7613ebaf,2025-12-29,ndavis_3168,Quality land public nation teacher same body young hit or radio.
bf47067b-3480-46a6-bcb5-21175ddc7d8b,fdafdaee-04a3-4c56-9cb5-fcdd8f6c1865,2025-10-26,elizabeth65_8982,
a4d382bc-8271-4c55-ad3e-3f8ceeb5ab95,7ebf573f-b0fd-4f3b-95ab-a918d48409d8,2025-04-16,holmesvictoria_5296,
a9995df2-a6b8-49a3-893d-a3a0fcd98b36,3932827f-f4b1-4007-a4cf-00565ed1d38e,2026-01-24,lydiatrujillo_2366,Its father imagine fund room off last.
7ca6ab1f-c9af-404b-8ef9-eab35f4ba1ea,021cae00-d302-475c-84d8-43a611468fb6,2026-02-03,morgantricia_6095,
fe194259-f0e0-447d-9be9-7f08042c9494,fdafdaee-04a3-4c56-9cb5-fcdd8f6c1865,2025-07-13,darryl02_7376,
da0566de-6f4c-4717-8157-86b542426d1a,cee1452b-1d2e-4d1d-a6d9-6a54582c9591,2025-10-15,dunnjessica_360,Fill hit practice realize memory best.
44dc7c0b-4ad2-44b9-bf6c-bff38effebbf,2ca3466c-aba7-4321-a248-6da9bcd7683b,2025-10-10,jessica75_1477,
396ae36e-4f2a-48e4-9fa2-31856c4b6361,b619e209-4e33-45b4-a9b1-490280dbd6fa,2025-07-17,susan03_4182,Argue quickly church deal move.
c08e6eca-f7b7-43c0-8a65-326173b76e94,a4950c09-ca59-4dbc-aed2-399c0559e3a0,2025-05-20,nicolejohnson_7091,
3a4a69db-4c7a-4c65-840c-f30cd53be386,1bab2be2-d756-4185-9524-b906af07fcfd,2026-04-04,adamreyes_1947,
8e5c5183-d731-406c-a045-8fe345eb55d6,cee1452b-1d2e-4d1d-a6d9-6a54582c9591,2025-05-26,nicolasgarcia_2090,
58b60ffb-348a-4259-89d5-aec9de11dd01,aa368327-19cf-4f77-a51e-484efd5b3d0d,2025-06-24,christinebecker_4764,Past far establish back nor.
3feea6cc-8f7a-436a-8a0c-04deb1fa688b,8f3e8301-6825-44dd-8962-c323475d2e9a,2025-11-06,oyu_2469,Morning middle move white include easy claim hospital.
02f81a2b-387a-48e4-b008-b49aa2dd1b2d,8f3e8301-6825-44dd-8962-c323475d2e9a,2025-10-07,jacob09_1667,Bed in goal go than difference clear plan.
6e09f9a7-5145-4ced-a2cb-64314b1d4c47,ab894829-a75c-44c3-8a9e-821994fad366,2026-04-02,lisa46_5842,Bag strong campaign the movie group.
6115073f-b13b-4eac-b98c-0ab712d53cfc,b619e209-4e33-45b4-a9b1-490280dbd6fa,2025-04-08,lawrencegary_993,
76569547-0c4b-46ef-b96e-665d21c69bb9,cc8c9a13-3ec9-437a-95eb-5313862d2be4,2025-05-18,larry16_3345,Student year policy science cell stop.
fb05c5d0-2117-48f9-8d04-c2e361376533,118d9169-b261-455a-b60d-5b3cf8129626,2025-08-17,troy74_2421,Reason question deep worker reduce future quickly son.
64131750-be41-4d77-aef1-c7bb2c0f95b0,75cc1635-eeb6-4967-aa15-ab074e08889e,2025-12-05,icraig_8637,Nor avoid set maybe thus out suggest section.
667d4f96-d7f2-4d46-9ea9-e387e41afbcf,ab637da0-46be-4613-ad9f-cecdb73e08d0,2025-06-02,christopher12_5779,Size sure reduce parent member.
9c35b6c4-89e3-4e2b-9f5c-5cdd540653ce,f8659d11-7ccb-4070-b9f2-6d19371736f9,2026-01-10,ellenjohnson_3360,While score eye west apply.
ece3265d-94f9-4485-be96-d4bf47f5b841,cef90076-ce44-426d-8fb4-51dc52524bb8,2025-12-08,zhall_5549,
52fa8737-ec65-4c37-8327-bbb4605577ab,2c5d8f99-4bf0-44f8-b50d-d833e6642c0b,2025-05-27,lauren10_7940,Like father house major.
